201812200_IP;La Plata, Buenos Aires, Argentina;2018-12-26T10:00:00;2018-12-26T10:30:00
201812201_IP;Pilar Buenos Aires, Argentina;2018-12-26T11:00:00;2018-12-26T11:30:00
201812202_IP;Tigre, Buenos Aires, Argentina;2018-12-26T12:00:00;2018-12-26T12:30:00
201812203_IP;Bahia Blanca, Buenos Aires, Argentina;2018-12-26T13:00:00;2018-12-26T13:30:00
201812204_IP;Mar del Plata, Buenos Aires, Argentina;2018-12-26T14:00:00;2018-12-26T14:30:00
201812205_IP;Villa Gessel, Buenos Aires, Argentina;2018-12-26T15:00:00;2018-12-26T15:30:00
201812206_IP;Necochea, Buenos Aires, Argentina;2018-12-26T16:00:00;2018-12-26T16:30:00
201812207_IP;Lobos, Buenos Aires, Argentina;2018-12-26T17:00:00;2018-12-26T17:30:00
201812208_IP;Tandil, Buenos Aires, Argentina;2018-12-26T18:00:00;2018-12-21T18:30:00