{"access_token": "ya29.GluBBgl2KivfhK-K4I8YQvNmKBSHGotdMEiHabV8I0q4PopfaIamfK7L1NeKMHGoEH0_ThU5Qz1fcg7jiXmKUqDswpLqG86jhw4RIg7bDJZM00mEuf0OlQyjq2Lq", "client_id": "778465674951-njql8o2vi7kd1hobslspirbrkbhg3f2u.apps.googleusercontent.com", "client_secret": "ai8NBDJoqKwDlRy9lhUpyn4k", "refresh_token": "1/l5EpKHfXuw86WU658Rr82j6FlckIHGESKt8vgUVSCEk", "token_expiry": "2018-12-29T14:29:19Z", "token_uri": "https://www.googleapis.com/oauth2/v3/token", "user_agent": null, "revoke_uri": "https://oauth2.googleapis.com/revoke", "id_token": null, "id_token_jwt": null, "token_response": {"access_token": "ya29.GluBBgl2KivfhK-K4I8YQvNmKBSHGotdMEiHabV8I0q4PopfaIamfK7L1NeKMHGoEH0_ThU5Qz1fcg7jiXmKUqDswpLqG86jhw4RIg7bDJZM00mEuf0OlQyjq2Lq", "expires_in": 3600, "refresh_token": "1/l5EpKHfXuw86WU658Rr82j6FlckIHGESKt8vgUVSCEk", "scope": "https://www.googleapis.com/auth/calendar", "token_type": "Bearer"}, "scopes": ["https://www.googleapis.com/auth/calendar"], "token_info_uri": "https://oauth2.googleapis.com/tokeninfo", "invalid": false, "_class": "OAuth2Credentials", "_module": "oauth2client.client"}