{"access_token": "ya29.Glx6BkNnCMuv4g4X52mJggTFZa2EuYAjhaqnJp1V7lIuMWI9zY2uaRhgs8OxIdGaDxXQjCpJC9AZNJitSWdpqYjy662RsJywSuVmP8vzRdwSMj0-eM04Vu8_wk7AtA", "client_id": "778465674951-njql8o2vi7kd1hobslspirbrkbhg3f2u.apps.googleusercontent.com", "client_secret": "ai8NBDJoqKwDlRy9lhUpyn4k", "refresh_token": "1/uGf7cxYJ5FwfPgss89nY7G37zQh2R_CQlgm9HYNXgYqQwRcJNb5AoLgRSskCczmx", "token_expiry": "2018-12-22T16:22:50Z", "token_uri": "https://www.googleapis.com/oauth2/v3/token", "user_agent": null, "revoke_uri": "https://oauth2.googleapis.com/revoke", "id_token": null, "id_token_jwt": null, "token_response": {"access_token": "ya29.Glx6BkNnCMuv4g4X52mJggTFZa2EuYAjhaqnJp1V7lIuMWI9zY2uaRhgs8OxIdGaDxXQjCpJC9AZNJitSWdpqYjy662RsJywSuVmP8vzRdwSMj0-eM04Vu8_wk7AtA", "expires_in": 3600, "scope": "https://www.googleapis.com/auth/calendar", "token_type": "Bearer"}, "scopes": ["https://www.googleapis.com/auth/calendar"], "token_info_uri": "https://oauth2.googleapis.com/tokeninfo", "invalid": false, "_class": "OAuth2Credentials", "_module": "oauth2client.client"}